Workbook

Sheet JUL 25
A1: TGL | C1: KETERANGAN | D1: MASUK | E1: KELUAR | F1: SALDO
A2: 2025 | C2: SALDO AWAL | F2: 0
B3: 19 | C3: Biaya transfer | E3: 2500 | F3: =D3+F2-E3 -> -2500
B4: 22 | C4: Biaya transfer | E4: 2500 | F4: =D4+F3-E4 -> -5000
B5: 31 | C5: Biaya administrasi rekening Bank | E5: 12500 | F5: =D5+F4-E5 -> -17500
B6: 31 | C6: Biaya saldo minimum Bank | E6: 25000 | F6: =D6+F5-E6 -> -42500
C7: SALDO BULAN JULI 2025 | D7: =SUM(D2:D6) -> 0 | E7: =SUM(E2:E6) -> 42500 | F7: =D7-E7 -> -42500

Sheet AGT 25
A1: TGL | C1: KETERANGAN | D1: MASUK | E1: KELUAR | F1: SALDO
A2: 2025 | C2: SALDO AWAL | D2: ='JUL 25'!D7 -> 0 | E2: ='JUL 25'!E7 -> 42500 | F2: ='JUL 25'!F7 -> -42500
B3: 10 | C3: Pembelian kertas koran sebanyak 20 kg | E3: 183500 | F3: =F2+D3-E3 -> -226000
B4: 10 | C4: Pembelian 100 karung sekam @6.000 | E4: =100*6000 -> 600000 | F4: =F3+D4-E4 -> -826000
B5: 10 | C5: Pembelian 62 gas elpiji @24.000 | E5: =62*24000 -> 1488000 | F5: =F4+D5-E5 -> -2314000
B6: 10 | C6: Biaya transfer | E6: 2500 | F6: =F5+D6-E6 -> -2316500
B7: 10 | C7: Biaya transfer | E7: 2500 | F7: =F6+D7-E7 -> -2319000
B8: 14 | C8: Pembelian obat untuk pembesaran oemah putra D&R | E8: 13970000 | F8: =F7+D8-E8 -> -16289000
B9: 14 | C9: Pembelian pakan untuk pembesaran oemah putra D&R | E9: 15200000 | F9: =F8+D9-E9 -> -31489000
B10: 14 | C10: Pembelian 4 buah lampu emergency | E10: 220000 | F10: =F9+D10-E10 -> -31709000
B11: 15 | C11: Pembayaran pullet PERTAMA sebanyak 4.500 ekor @10.656 | E11: =10656*4500 -> 47952000 | F11: =F10+D11-E11 -> -79661000
B12: 15 | C12: DP pembayaran pullet PERTAMA Kevin Farm | D12: 250000000 | F12: =F11+D12-E12 -> 170339000
B13: 17 | C13: Biaya administrasi kartu debit | E13: 10000 | F13: =F12+D13-E13 -> 170329000
B14: 19 | C14: Upah vaksin 3 orang @100.000 tetes mata NDIB LIVE | E14: 300000 | F14: =F13+D14-E14 -> 170029000
B15: 22 | C15: Bayar listrik | E15: 502800 | F15: =F14+D15-E15 -> 169526200
B16: 22 | C16: Pembelian 30 karung sekam @6.000 | E16: =30*6000 -> 180000 | F16: =F15+D16-E16 -> 169346200
B17: 22 | C17: Upah vaksin GUMBORO 3 orang @100.000 | E17: 300000 | F17: =F16+D17-E17 -> 169046200
B18: 22 | C18: Gas sampai dengan minggu 101 tabung @24.000 (sudah dibeli 62, sisa 39 tabung) | E18: =39*24000 -> 936000 | F18: =F17+D18-E18 -> 168110200
B19: 22 | C19: Pembelian suntik vaksin untuk operasional kandang | E19: 2801900 | F19: =F18+D19-E19 -> 165308300
B20: 22 | C20: Pembelian beras untuk anak kandang | E20: 250000 | F20: =F19+D20-E20 -> 165058300 | G20: =SUM(E20:E28) -> 12850000
B21: 22 | C21: Pembelian bumbu, gas, minyak, dan lain-lain | E21: 500000 | F21: =F20+D21-E21 -> 164558300
B22: 22 | C22: Gaji bulan Agustus 2025 : | F22: =F21+D22-E22 -> 164558300
C23: # Wawan | E23: 2400000 | F23: =F22+D23-E23 -> 162158300
C24: # Hendik | E24: 2400000 | F24: =F23+D24-E24 -> 159758300
C25: # Irwan | E25: 2400000 | F25: =F24+D25-E25 -> 157358300
C26: # Sardi | E26: 2400000 | F26: =F25+D26-E26 -> 154958300
C27: # Tukang kebun Edeh | E27: 500000 | F27: =F26+D27-E27 -> 154458300
B28: 22 | C28: Uang makan 4 orang @500.000 | E28: =4*500000 -> 2000000 | F28: =F27+D28-E28 -> 152458300 | H28: =180000+300000+936000 -> 1416000
B29: 29 | C29: Pembelian kopi | E29: 200000 | F29: =F28+D29-E29 -> 152258300 | H29: =SUM(E29:E31) -> 1150000
B30: 29 | C30: Upah vaksin KILL suntik leher 3 orang | E30: 600000 | F30: =F29+D30-E30 -> 151658300
B31: 29 | C31: Upah vaksin GUMBORO 2 3 orang | E31: 350000 | F31: =F30+D31-E31 -> 151308300
B32: 31 | C32: Bunga rekening | D32: 8152 | F32: =F31+D32-E32 -> 151316452
B33: 31 | C33: Pajak rekening | E33: 1630 | F33: =F32+D33-E33 -> 151314822
B34: 31 | C34: Biaya administrasi kartu debit | E34: 12500 | F34: =F33+D34-E34 -> 151302322
C35: SALDO BULAN AGUSTUS 2025 | D35: =SUM(D2:D34) -> 250008152 | E35: =SUM(E2:E34) -> 98705830 | F35: =D35-E35 -> 151302322

Sheet SEP-25
A1: TGL | C1: KETERANGAN | D1: MASUK | E1: KELUAR | F1: SALDO
A2: 2025 | C2: SALDO AWAL | D2: ='AGT 25'!D35 -> 250008152 | E2: ='AGT 25'!E35 -> 98705830 | F2: ='AGT 25'!F35 -> 151302322
B3: 1 | C3: Pembelian kopi | E3: 100000 | F3: =F2+D3-E3 -> 151202322
B4: 1 | C4: Upah vaksin NDIB Cekok 3 orang @100.000 | E4: 300000 | F4: =F3+D4-E4 -> 150902322
B5: 3 | C5: Biaya admin | E5: 2500 | F5: =F4+D5-E5 -> 150899822
B6: 5 | C6: Biaya admin | E6: 2500 | F6: =F5+D6-E6 -> 150897322
B7: 6 | C7: Bayar listrik | E7: 500000 | F7: =F6+D7-E7 -> 150397322
B8: 6 | C8: Biaya admin | E8: 3500 | F8: =F7+D8-E8 -> 150393822
B9: 7 | C9: Upah vaksin GUMBORO 3 3 orang @100.000 | E9: 300000 | F9: =F8+D9-E9 -> 150093822
B10: 8 | C10: Pembelian pakan 8 ton @6.400 | E10: =6400*8000 -> 51200000 | F10: =F9+D10-E10 -> 98893822
B11: 8 | C11: Angkutan | E11: 1100000 | F11: =F10+D11-E11 -> 97793822
B12: 8 | C12: Bongkar | E12: 250000 | F12: =F11+D12-E12 -> 97543822
B13: 12 | C13: Upah vaksin AI H5N1 | E13: 650000 | F13: =F12+D13-E13 -> 96893822
B14: 21 | C14: Beli beras dan sayur | E14: 400000 | F14: =F13+D14-E14 -> 96493822 | H14: =SUM(E14:E16) -> 2450000
B15: 21 | C15: Kapur | E15: 1650000 | F15: =F14+D15-E15 -> 94843822
B16: 21 | C16: Pindah ayam umbaran ke baterai 4 orang @100.000 | E16: =4*100000 -> 400000 | F16: =F15+D16-E16 -> 94443822
B17: 22 | C17: Upah vaksin CORYZA 4 orang @200.000 | E17: =4*200000 -> 800000 | F17: =F16+D17-E17 -> 93643822
B18: 24 | C18: Gaji bulan September 2025 : | F18: =F17+D18-E18 -> 93643822
C19: # Wawan | E19: 2400000 | F19: =F18+D19-E19 -> 91243822
C20: # Hendik | E20: 2400000 | F20: =F19+D20-E20 -> 88843822
C21: # Irwan | E21: 2400000 | F21: =F20+D21-E21 -> 86443822
C22: # Sardi | E22: 2400000 | F22: =F21+D22-E22 -> 84043822
C23: # Tukang kebun Edeh | E23: 500000 | F23: =F22+D23-E23 -> 83543822
B24: 24 | C24: Uang makan 4 orang @500.000 | E24: =4*500000 -> 2000000 | F24: =F23+D24-E24 -> 81543822
C25: SALDO BULAN SEPTEMBER 2025 | D25: =SUM(D2:D24) -> 250008152 | E25: =SUM(E2:E24) -> 168464330 | F25: =D25-E25 -> 81543822

Sheet OKT-25
A1: TGL | C1: KETERANGAN | D1: MASUK | E1: KELUAR | F1: SALDO
A2: 2025 | C2: SALDO AWAL | D2: ='SEP-25'!D25 -> 250008152 | E2: ='SEP-25'!E25 -> 168464330 | F2: ='SEP-25'!F25 -> 81543822
B3: 6 | C3: Biaya sayur anak kandang | E3: 400000 | F3: =F2+D3-E3 -> 81143822
B4: 17 | C4: Biaya administrasi kartu debit | E4: 10000 | F4: =F3+D4-E4 -> 81133822
B5: 19 | C5: Dapur | E5: 200000 | F5: =F4+D5-E5 -> 80933822
B6: 19 | C6: Bongkar pakan | E6: 200000 | F6: =F5+D6-E6 -> 80733822
B7: 19 | C7: Dapur | E7: 700000 | F7: =F6+D7-E7 -> 80033822
B8: 22 | C8: Beli pakan @6.200*8.000 | E8: =6200*8000 -> 49600000 | F8: =F7+D8-E8 -> 30433822
B9: 22 | C9: Biaya angkutan | E9: 1200000 | F9: =F8+D9-E9 -> 29233822
B10: 22 | C10: Bongkar | E10: 300000 | F10: =F9+D10-E10 -> 28933822
B11: 22 | C11: Upah suntik CORYZA | E11: 700000 | F11: =F10+D11-E11 -> 28233822
B12: 25 | C12: Gaji bulan Oktober 2025 : | F12: =F11+D12-E12 -> 28233822
C13: # Irfan (uang makan @500.000) | E13: 500000 | F13: =F12+D13-E13 -> 27733822
C14: # Marwan (gaji @2.400.000 + uang makan @500.000) | E14: =2400000+500000 -> 2900000 | F14: =F13+D14-E14 -> 24833822
B15: 26 | C15: Biaya admin | E15: 2500 | F15: =F14+D15-E15 -> 24831322
C17: KEUNTUNGAN (KERUGIAN) AYAM PERTAMA | D17: =SUM(D2:D16) -> 250008152 | E17: =SUM(E2:E16) -> 225176830 | F17: =D17-E17 -> 24831322

Sheet NOV-25
A1: TGL | C1: KETERANGAN | D1: MASUK | E1: KELUAR | F1: SALDO
A2: 2025 | C2: SALDO AWAL | D2: ='OKT-25'!D17 -> 250008152 | E2: ='OKT-25'!E17 -> 225176830 | F2: ='OKT-25'!F17 -> 24831322
B3: 1 | C3: Pelunasan pembayaran pullet PERTAMA Kampoeng Endok | D3: 119000000 | F3: =F2+D3-E3 -> 143831322
B4: 1 | C4: Upah suntik CORYZA | E4: 700000 | F4: =F3+D4-E4 -> 143131322
C6: KEUNTUNGAN (KERUGIAN) AYAM PERTAMA | D6: =SUM(D2:D5) -> 369008152 | E6: =SUM(E2:E5) -> 225876830 | F6: =D6-E6 -> 143131322
