Workbook

Sheet SEP-25
A1: TGL | C1: KETERANGAN | D1: MASUK | E1: KELUAR | F1: SALDO
A2: 2025 | C2: SALDO AWAL | D2: 0 | E2: 0 | F2: 0
B3: 11 | C3: DP pembayaran pullet KEDUA Kevin Farm | D3: 150000000 | F3: =F2+D3-E3 -> 150000000
B4: 11 | C4: Pembayaran pullet KEDUA sebanyak 4.500 ekor @12.656 | E4: 56952000 | F4: =F3+D4-E4 -> 93048000
B5: 11 | C5: Biaya admin | E5: 6500 | F5: =F4+D5-E5 -> 93041500
B6: 11 | C6: Pembelian 68 gas elpiji @24.000 | E6: =68*24000 -> 1632000 | F6: =F5+D6-E6 -> 91409500
B7: 11 | C7: Gula & Jahe | E7: 50000 | F7: =F6+D7-E7 -> 91359500
B8: 11 | C8: Pembelian kertas koran sebanyak 20 kg | E8: 184500 | F8: =F7+D8-E8 -> 91175000
B9: 11 | C9: Bongkar @100.000 | E9: 500000 | F9: =F8+D9-E9 -> 90675000
B10: 11 | C10: Pembelian pakan 2 ton @7.300 | E10: =7300*2000 -> 14600000 | F10: =F9+D10-E10 -> 76075000
B11: 11 | C11: Biaya admin | E11: 6500 | F11: =F10+D11-E11 -> 76068500
B12: 11 | C12: Mobil angkutan | E12: 500000 | F12: =F11+D12-E12 -> 75568500
B13: 11 | C13: Bongkar @100.000 | E13: 100000 | F13: =F12+D13-E13 -> 75468500
B14: 11 | C14: Pembelian obat untuk pembesaran oemah putra D&R | E14: 13970000 | F14: =F13+D14-E14 -> 61498500
B15: 11 | C15: Pembelian 30 buah lampu bohlam LED 15 watt kuning | E15: 771918 | F15: =F14+D15-E15 -> 60726582
B16: 14 | C16: Pembelian 2 buah timbangan | E16: 777963 | F16: =F15+D16-E16 -> 59948619
B17: 15 | C17: Upah vaksin 3 orang @100.000 tetes mata NDIB | E17: 300000 | F17: =F16+D17-E17 -> 59648619
B18: 17 | C18: Biaya administrasi kartu debit | E18: 10000 | F18: =F17+D18-E18 -> 59638619
B19: 19 | C19: Upah vaksin GUMBORO 3 orang @100.000 | E19: 300000 | F19: =F18+D19-E19 -> 59338619
B20: 20 | C20: Bayar Listrik | E20: 503500 | F20: =F19+D20-E20 -> 58835119
B21: 21 | C21: Upah vaksin KILL suntik leher 4 orang | E21: 800000 | F21: =F20+D21-E21 -> 58035119
B22: 22 | C22: Pembelian 108 gas elpiji @24.000 (sudah dibeli 64, sisa 44) | E22: =44*24000 -> 1056000 | F22: =F21+D22-E22 -> 56979119
B23: 24 | C23: Gaji bulan September 2025 : | F23: =F22+D23-E23 -> 56979119
C24: # Rudi | E24: 2500000 | F24: =F23+D24-E24 -> 54479119
B25: 24 | C25: Uang makan 1 orang | E25: 500000 | F25: =F24+D25-E25 -> 53979119
B26: 25 | C26: Biaya admin | E26: 2500 | F26: =F25+D26-E26 -> 53976619
B27: 25 | C27: Pembelian 1 unit motor Jupiter 2011 | E27: 3000000 | F27: =F26+D27-E27 -> 50976619
B28: 25 | C28: Service motor | E28: 1135000 | F28: =F27+D28-E28 -> 49841619
B29: 25 | C29: Biaya admin | E29: 2500 | F29: =F28+D29-E29 -> 49839119
B30: 26 | C30: Upah vaksin GUMBORO 4 orang | E30: 400000 | F30: =F29+D30-E30 -> 49439119
B31: 30 | C31: Biaya administrasi rekening | E31: 12500 | F31: =F30+D31-E31 -> 49426619
B32: 30 | C32: Pajak rekening | E32: 1750 | F32: =F31+D32-E32 -> 49424869
B33: 30 | C33: Bunga rekening | D33: 8750 | F33: =F32+D33-E33 -> 49433619
C34: SALDO BULAN SEPTEMBER 2025 | D34: =SUM(D2:D33) -> 150008750 | E34: =SUM(E2:E33) -> 100575131 | F34: =D34-E34 -> 49433619

Sheet OKT-25
A1: TGL | C1: KETERANGAN | D1: MASUK | E1: KELUAR | F1: SALDO
A2: 2025 | C2: SALDO AWAL | D2: ='SEP-25'!D34 -> 150008750 | E2: ='SEP-25'!E34 -> 100575131 | F2: ='SEP-25'!F34 -> 49433619
B3: 4 | C3: Bayar Listrik | E3: 503500 | F3: =F2+D3-E3 -> 48930119
B4: 4 | C4: Upah vaksin GUMBORO 3 4 orang @100.000 | E4: 400000 | F4: =F3+D4-E4 -> 48530119
B5: 9 | C5: Biaya admin | E5: 2500 | F5: =F4+D5-E5 -> 48527619
B6: 10 | C6: Beli pakan 6.500 x 6.100 | E6: =6500*6100 -> 39650000 | F6: =F5+D6-E6 -> 8877619
B7: 10 | C7: Suntik AI H5N1 | E7: 700000 | F7: =F6+D7-E7 -> 8177619
B8: 11 | C8: Biaya angkut dari Serang | E8: 1200000 | F8: =F7+D8-E8 -> 6977619
B9: 12 | C9: Sekam | E9: 1200000 | F9: =F8+D9-E9 -> 5777619
B10: 12 | C10: Kapur DOC | E10: 200000 | F10: =F9+D10-E10 -> 5577619
B11: 12 | C11: Obat Lalat | E11: 400000 | F11: =F10+D11-E11 -> 5177619
B12: 17 | C12: Bayar Listrik | E12: 503500 | F12: =F11+D12-E12 -> 4674119
B13: 20 | C13: Biaya admin | E13: 2500 | F13: =F12+D13-E13 -> 4671619
B14: 25 | C14: Gaji bulan Oktober 2025 : | F14: =F13+D14-E14 -> 4671619
C15: # Rudi (gaji @2.500.000 + uang makan @500.000 + supervisor @500.000) | E15: =2500000+500000+500000 -> 3500000 | F15: =F14+D15-E15 -> 1171619
C16: # Urip (gaji @2.500.000 + uang makan @500.000 + supervisor @500.000) | E16: =2500000+500000+500000 -> 3500000 | F16: =F15+D16-E16 -> -2328381
C17: # Sardi (gaji @2.400.000 + uang makan @500.000) | E17: =2400000+500000 -> 2900000 | F17: =F16+D17-E17 -> -5228381
C18: # Sam (gaji @2.400.000 + uang makan @500.000) | E18: =2400000+500000 -> 2900000 | F18: =F17+D18-E18 -> -8128381
C19: # Irwan (gaji @2.400.000 + uang makan @500.000) | E19: =2400000+500000 -> 2900000 | F19: =F18+D19-E19 -> -11028381
B20: 31 | C20: Biaya administrasi rekening | E20: 12500 | F20: =F19+D20-E20 -> -11040881
B21: 31 | C21: Pajak rekening | E21: 667 | F21: =F20+D21-E21 -> -11041548
B22: 31 | C22: Bunga rekening | D22: 3337 | F22: =F21+D22-E22 -> -11038211
C24: KEUNTUNGAN (KERUGIAN) AYAM KEDUA | D24: =SUM(D2:D23) -> 150012087 | E24: =SUM(E2:E23) -> 161050298 | F24: =D24-E24 -> -11038211

Sheet NOV-25
A1: TGL | C1: KETERANGAN | D1: MASUK | E1: KELUAR | F1: SALDO
A2: 2025 | C2: SALDO AWAL | D2: ='OKT-25'!D24 -> 150012087 | E2: ='OKT-25'!E24 -> 161050298 | F2: ='OKT-25'!F24 -> -11038211
F3: =F2+D3-E3 -> -11038211
F4: =F3+D4-E4 -> -11038211
F5: =F4+D5-E5 -> -11038211
F6: =F5+D6-E6 -> -11038211
F7: =F6+D7-E7 -> -11038211
F8: =F7+D8-E8 -> -11038211
F9: =F8+D9-E9 -> -11038211
F10: =F9+D10-E10 -> -11038211
F11: =F10+D11-E11 -> -11038211
F12: =F11+D12-E12 -> -11038211
F13: =F12+D13-E13 -> -11038211
F14: =F13+D14-E14 -> -11038211
... F22: =F21+D22-E22 -> -11038211
C24: KEUNTUNGAN (KERUGIAN) AYAM KEDUA | D24: =SUM(D2:D23) -> 150012087 | E24: =SUM(E2:E23) -> 161050298 | F24: =D24-E24 -> -11038211
D27: SALDO KAS DAN BANK AYAM PERTAMA | F27: ='[1]NOV-25'!$F$6 -> 143131322
D28: SALDO KAS DAN BANK AYAM KEDUA | F28: =F24 -> -11038211
D29: SALDO KAS KANDANG KAMPOENG ENDOK | F29: ='[2]MEI 25'!$F$47 -> 11755500
F30: =SUM(F27:F29) -> 143848611
E31: saldo BANK | F31: 143848611
E32: SELISIH | F32: =F31-F30 -> 0
