Workbook

Sheet AGT-1
A1: TGL | C1: KETERANGAN | D1: MASUK | E1: KELUAR | F1: SALDO
A2: 2025 | C2: LIST SETORAN TUNAI DAN TRANSFER SELAMA PEMBANGUNAN :
A3: AGUSTUS | B3: 5 | C3: Transfer Biaya AJB Tanah di Jonggol | D3: 40000000
B4: 10 | C4: DP Biaya Pembangunan Kandang KEVIN yang PERTAMA | D4: 200000000
C5: TOTAL TRANSFER & SETORAN TUNAI PEMBANGUNAN KANDANG KEVIN | F5: =SUM(D3:D4) -> 240000000
C7: LIST PEMBELIAN DAN PEMBANGUNAN KANDANG :
A8: AGUSTUS | B8: 10 | C8: Pembayaran biaya AJB Tanah di Jonggol | E8: 40000000 | F8: =F5+D8-E8 -> 200000000
B9: 10 | C9: Pembayaran biaya perijinan lingkungan | E9: 10000000 | F9: =F8+D9-E9 -> 190000000
B10: 11 | C10: Tambahan Biaya Ijin Lingkungan (Tambahan ke penduduk sekitar) | E10: 3000000 | F10: =F9+D10-E10 -> 187000000
B11: 16 | C11: Pembelian kopi & air untuk tukang buka lahan | E11: 250000 | F11: =F10+D11-E11 -> 186750000
B12: 16 | C12: Pemberian upah tukang untuk buka lahan | E12: 500000 | F12: =F11+D12-E12 -> 186250000
B13: 16 | C13: Pembayaran pembelian material (BON 01#) : | F13: =F12+D13-E13 -> 186250000
C14: # 33 Kayu 10x10 @50.000 | E14: =33*50000 -> 1650000 | F14: =F13+D14-E14 -> 184600000 | H14: =SUM(E14:E48) -> 29771000
C15: # 117 Kayu 5x10 @23.000 | E15: =117*23000 -> 2691000 | F15: =F14+D15-E15 -> 181909000
C16: # 43 Kayu 6x12 @60.000 | E16: =43*60000 -> 2580000 | F16: =F15+D16-E16 -> 179329000
B17: 16 | C17: Pembayaran pembelian material (BON 02#) : | F17: =F16+D17-E17 -> 179329000
C18: # 2 mobil pasir @350.000 | E18: =2*350000 -> 700000 | F18: =F17+D18-E18 -> 178629000
C19: # 10 mobil batu @320.000 | E19: =10*320000 -> 3200000 | F19: =F18+D19-E19 -> 175429000
B20: 16 | C20: Pembayaran pembelian material (BON 03#) : | F20: =F19+D20-E20 -> 175429000
C21: # 150 bambu @15.000 | E21: =150*15000 -> 2250000 | F21: =F20+D21-E21 -> 173179000
B22: 16 | C22: Pembayaran tukang dalam pembangunan kandang @150.000 (PEKAN #1) : | F22: =F21+D22-E22 -> 173179000
C23: # Miyah 5,5 hari | E23: =5.5*150000 -> 825000 | F23: =F22+D23-E23 -> 172354000
C24: # RT 1 hari | E24: =1*150000 -> 150000 | F24: =F23+D24-E24 -> 172204000
C25: # Eka 5,5 hari | E25: =5.5*150000 -> 825000 | F25: =F24+D25-E25 -> 171379000
C26: # Eti 1 hari | E26: =1*150000 -> 150000 | F26: =F25+D26-E26 -> 171229000
C27: # Oyib 5,5 hari | E27: =5.5*150000 -> 825000 | F27: =F26+D27-E27 -> 170404000
C28: # Ansar 5,5 hari | E28: =5.5*150000 -> 825000 | F28: =F27+D28-E28 -> 169579000
C29: # Iding 4,5 hari | E29: =4.5*150000 -> 675000 | F29: =F28+D29-E29 -> 168904000
C30: # Ajo 5,5 hari | E30: =5.5*150000 -> 825000 | F30: =F29+D30-E30 -> 168079000
C31: # Edi 5,5 hari | E31: =5.5*150000 -> 825000 | F31: =F30+D31-E31 -> 167254000
C32: # Beni 4,5 hari | E32: =4.5*150000 -> 675000 | F32: =F31+D32-E32 -> 166579000
C33: # Bodong 4,5 hari | E33: =4.5*150000 -> 675000 | F33: =F32+D33-E33 -> 165904000
C34: # Abluk 2,5 hari | E34: =2.5*150000 -> 375000 | F34: =F33+D34-E34 -> 165529000
C35: # Ubung 1 hari | E35: =1*150000 -> 150000 | F35: =F34+D35-E35 -> 165379000
B36: 16 | C36: Pembayaran pembelian material (BON 04#) : | F36: =F35+D36-E36 -> 165379000
C37: # 3 mobil pasir @350.000 | E37: =3*350000 -> 1050000 | F37: =F36+D37-E37 -> 164329000
C38: # 10 semen 50 kg @56.000 | E38: =10*56000 -> 560000 | F38: =F37+D38-E38 -> 163769000
C39: # 35 besi 3/8 @55.000 | E39: =35*55000 -> 1925000 | F39: =F38+D39-E39 -> 161844000
C40: # 60 hong 30 @75.000 | E40: =60*75000 -> 4500000 | F40: =F39+D40-E40 -> 157344000
C41: # 1 roda troli @550.000 | E41: =550000 -> 550000 | F41: =F40+D41-E41 -> 156794000
C42: # 7 ember oren besar @15.000 | E42: =7*15000 -> 105000 | F42: =F41+D42-E42 -> 156689000
C43: # 1 kg paku 5 @20.000 | E43: =20000 -> 20000 | F43: =F42+D43-E43 -> 156669000
C44: # 15 benang @5.000 | E44: =15*5000 -> 75000 | F44: =F43+D44-E44 -> 156594000
C45: # 3 benrat @10.000 | E45: =3*10000 -> 30000 | F45: =F44+D45-E45 -> 156564000
C46: # 1 sendok semen @15.000 | E46: =15000 -> 15000 | F46: =F45+D46-E46 -> 156549000
C47: # 10 m slang timbang @3.000 | E47: =10*3000 -> 30000 | F47: =F46+D47-E47 -> 156519000
C48: # 2 kg paku 7 @20.000 | E48: =2*20000 -> 40000 | F48: =F47+D48-E48 -> 156479000
C49: TOTAL | D49: =SUM(D2:D48) -> 240000000 | E49: =SUM(E2:E48) -> 83521000 | F49: =D49-E49 -> 156479000
A52: TGL | C52: KETERANGAN | D52: MASUK | E52: KELUAR | F52: SALDO
A53: 2025 | C53: SALDO SEBELUMNYA | D53: =D49 -> 240000000 | E53: =E49 -> 83521000 | F53: =F49 -> 156479000
B54: 16 | C54: Pembayaran pembelian material (BON 05#) : | F54: =F53+D54-E54 -> 156479000
C55: # 2 mobil pasir @350.000 | E55: =2*350000 -> 700000 | F55: =F54+D55-E55 -> 155779000
C56: # 9 besi 3/8 @55.000 | E56: =9*55000 -> 495000 | F56: =F55+D56-E56 -> 155284000
C57: # 10 semen 50 kg @56.000 | E57: =10*56000 -> 560000 | F57: =F56+D57-E57 -> 154724000
C58: # 4 ceker ayam 40x40 @65.000 | E58: =4*65000 -> 260000 | F58: =F57+D58-E58 -> 154464000
B59: 16 | C59: Pembayaran pembelian material (BON 06#) : | F59: =F58+D59-E59 -> 154464000
C60: # 5 mobil pasir @350.000 | E60: =5*350000 -> 1750000 | F60: =F59+D60-E60 -> 152714000
C61: # 1 besi 3/8 @55.000 | E61: =55000 -> 55000 | F61: =F60+D61-E61 -> 152659000
C62: # 10 semen 50 kg @56.000 | E62: =10*56000 -> 560000 | F62: =F61+D62-E62 -> 152099000
C63: # 9 sarung tangan @5.000 | E63: =9*5000 -> 45000 | F63: =F62+D63-E63 -> 152054000
B64: 16 | C64: Pembayaran pembelian material (BON 07#) : | F64: =F63+D64-E64 -> 152054000
C65: # 10 semen 50 kg @56.000 | E65: =10*56000 -> 560000 | F65: =F64+D65-E65 -> 151494000
B66: 16 | C66: Pembayaran pembelian material (BON 08#) : | F66: =F65+D66-E66 -> 151494000
C67: # 5 mobil pasir @350.000 | E67: =5*350000 -> 1750000 | F67: =F66+D67-E67 -> 149744000
C68: # 2 batu asahan @15.000 | E68: =2*15000 -> 30000 | F68: =F67+D68-E68 -> 149714000
C69: # 10 hong 30 @75.000 | E69: =10*75000 -> 750000 | F69: =F68+D69-E69 -> 148964000
B70: 16 | C70: Biaya admin | E70: 6500 | F70: =F69+D70-E70 -> 148957500
B71: 22 | C71: Pembayaran tukang dalam pembangunan kandang @150.000 (PEKAN #2) : | F71: =F70+D71-E71 -> 148957500
C72: # Miyah 5 hari | E72: =5*150000 -> 750000 | F72: =F71+D72-E72 -> 148207500
C73: # RT 5 hari | E73: =5*150000 -> 750000 | F73: =F72+D73-E73 -> 147457500
C74: # Eka 5 hari | E74: =5*150000 -> 750000 | F74: =F73+D74-E74 -> 146707500
C75: # Oyib 5 hari | E75: =5*150000 -> 750000 | F75: =F74+D75-E75 -> 145957500
C76: # Iding 5 hari | E76: =5*150000 -> 750000 | F76: =F75+D76-E76 -> 145207500
C77: # Ajo 5 hari | E77: =5*150000 -> 750000 | F77: =F76+D77-E77 -> 144457500
C78: # Edi 5 hari | E78: =5*150000 -> 750000 | F78: =F77+D78-E78 -> 143707500
C79: # Beni 5 hari | E79: =5*150000 -> 750000 | F79: =F78+D79-E79 -> 142957500
C80: # Bodong 5 hari | E80: =5*150000 -> 750000 | F80: =F79+D80-E80 -> 142207500
C81: # Abluk 3 hari | E81: =3*150000 -> 450000 | F81: =F80+D81-E81 -> 141757500
C82: # Ubung 5 hari | E82: =5*150000 -> 750000 | F82: =F81+D82-E82 -> 141007500
B83: 22 | C83: Pembayaran pembelian material (BON 09#) : | F83: =F82+D83-E83 -> 141007500
C84: # 174 Kayu 5x10 @23.000 | E84: =174*23000 -> 4002000 | F84: =F83+D84-E84 -> 137005500
B85: 22 | C85: Pembayaran pembelian material (BON 10#) : | F85: =F84+D85-E85 -> 137005500
C86: # 149 Kayu 5x10 @23.000 | E86: =149*23000 -> 3427000 | F86: =F85+D86-E86 -> 133578500
B87: 22 | C87: Pembayaran pembelian material (BON 11#) : | F87: =F86+D87-E87 -> 133578500
C88: # 57 Kayu 10x10 @50.000 | E88: =57*50000 -> 2850000 | F88: =F87+D88-E88 -> 130728500
C89: # 89 Kayu 5x10 @23.000 | E89: =89*23000 -> 2047000 | F89: =F88+D89-E89 -> 128681500
B90: 22 | C90: Pembayaran pembelian material (BON 12#) : | F90: =F89+D90-E90 -> 128681500
C91: # 1 dus paku 10 | E91: 500000 | F91: =F90+D91-E91 -> 128181500
B92: 22 | C92: Pembelian kopi & air | E92: =80000+70000 -> 150000 | F92: =F91+D92-E92 -> 128031500
C93: TOTAL | D93: =SUM(D53:D92) -> 240000000 | E93: =SUM(E53:E92) -> 111968500 | F93: =D93-E93 -> 128031500 | H93: =SUM(E55:E92) -> 28447500
A96: TGL | C96: KETERANGAN | D96: MASUK | E96: KELUAR | F96: SALDO
A97: 2025 | C97: SALDO SEBELUMNYA | D97: =D93 -> 240000000 | E97: =E93 -> 111968500 | F97: =F93 -> 128031500
B98: 24 | C98: Pembayaran pembelian material (BON 13#) : | F98: =F97+D98-E98 -> 128031500
C99: # 10 Kayu 10x10 @50.000 | E99: =10*50000 -> 500000 | F99: =F98+D99-E99 -> 127531500
C100: # 100 Kayu 5x10 @23.000 | E100: =100*23000 -> 2300000 | F100: =F99+D100-E100 -> 125231500
B101: 24 | C101: Pembayaran pembelian material (BON 14#) : | F101: =F100+D101-E101 -> 125231500
C102: # 100 Bambu @150.000 | E102: =100*15000 -> 1500000 | F102: =F101+D102-E102 -> 123731500
B103: 25 | C103: Pembelian kopi & air | E103: 180000 | F103: =F102+D103-E103 -> 123551500
B104: 26 | C104: Pembelian seng bekas untuk KEVIN Farm : | F104: =F103+D104-E104 -> 123551500
C105: # 282 kg Canal Bajaringan 2-6 m @13.000 (Diskon Rp.6.000) | E105: 3660000 | F105: =F104+D105-E105 -> 119891500
...

Sheet SEP-1
A1: TGL | C1: KETERANGAN | D1: MASUK | E1: KELUAR | F1: SALDO
A2: 2025 | C2: LIST SETORAN TUNAI DAN TRANSFER SELAMA PEMBANGUNAN :
A3: SEPTEMBER | B3: 11 | C3: DP Biaya Pembangunan Kandang KEVIN yang KEDUA | D3: 100000000
C4: TOTAL TRANSFER & SETORAN TUNAI PEMBANGUNAN KANDANG KEVIN | F4: =SUM(D3:D3) -> 100000000
C6: LIST PEMBELIAN DAN PEMBANGUNAN KANDANG :
A7: SEPTEMBER | C7: SALDO SEBELUMNYA | D7: ='AGT-1'!D138 -> 240000000 | E7: ='AGT-1'!E138 -> 152672500 | F7: ='AGT-1'!F138 -> 87327500
B8: 3 | C8: Pembayaran pembelian material (BON 19#) : | F8: =F4+F7+D8-E8 -> 187327500
C9: # 131 Kayu 5x10 @23.000 | E9: =131*23000 -> 3013000 | F9: =F8+D9-E9 -> 184314500
C10: # 54 Kayu 2x20 @23.000 | E10: =54*23000 -> 1242000 | F10: =F9+D10-E10 -> 183072500
B11: 5 | C11: Pembayaran pembelian material (BON 20#) : | F11: =F10+D11-E11 -> 183072500
C12: # 3 mobil pasir @350.000 | E12: =3*350000 -> 1050000 | F12: =F11+D12-E12 -> 182022500 | H12: =SUM(E12:E45) -> 34695000
C13: # 2 Kikir @30.000 | E13: =2*30000 -> 60000 | F13: =F12+D13-E13 -> 181962500
C14: # 150 Asbes 3m @80.000 | E14: =150*80000 -> 12000000 | F14: =F13+D14-E14 -> 169962500 | H14: =SUM(E12:E20) -> 21070000
C15: # 65 Asbes 240 @68.000 | E15: =65*68000 -> 4420000 | F15: =F14+D15-E15 -> 165542500 | H15: =SUM(E22:E33) -> 5575000
C16: # 27 Nok asbes @40.000 | E16: =27*40000 -> 1080000 | F16: =F15+D16-E16 -> 164462500 | H16: =SUM(E35:E45) -> 8050000
C17: # 3kg Paku asbes @30.000 | E17: =3*30000 -> 90000 | F17: =F16+D17-E17 -> 164372500
C18: # 1 Karet asbes @30.000 | E18: =30000 -> 30000 | F18: =F17+D18-E18 -> 164342500 | H18: =SUM(H14:H16) -> 34695000
C19: # 15 Semen @56.000 | E19: =15*56000 -> 840000 | F19: =F18+D19-E19 -> 163502500
C20: # 20 Hong @75.000 | E20: =20*75000 -> 1500000 | F20: =F19+D20-E20 -> 162002500
B21: 5 | C21: Pembayaran pembelian material (BON 21#) : | F21: =F20+D21-E21 -> 162002500
C22: # 20 Semen @56.000 | E22: =20*56000 -> 1120000 | F22: =F21+D22-E22 -> 160882500
C23: # 25kg Paku 5 @20.000 | E23: =25*20000 -> 500000 | F23: =F22+D23-E23 -> 160382500 | H23: =SUM(E8:E45) -> 38950000
C24: # 6 Keni 3/4 @4.000 | E24: =6*4000 -> 24000 | F24: =F23+D24-E24 -> 160358500
C25: # 1 Sok derat dalem @5.000 | E25: =5000 -> 5000 | F25: =F24+D25-E25 -> 160353500 | H25: 23324000
C26: # 1 Bola Pelampung @95.000 | E26: =95000 -> 95000 | F26: =F25+D26-E26 -> 160258500
C27: # 2 Plosok 3/4 - 1/2 @5.000 | E27: =2*5000 -> 10000 | F27: =F26+D27-E27 -> 160248500
C28: # 2 Siltip @3.000 | E28: =2*3000 -> 6000 | F28: =F27+D28-E28 -> 160242500
C29: # 5 mobil pasir @350.000 | E29: =5*350000 -> 1750000 | F29: =F28+D29-E29 -> 158492500
C30: # 3 Pensil @5.000 | E30: =3*5000 -> 15000 | F30: =F29+D30-E30 -> 158477500
C31: # 1 pak Sarung tangan @50.000 | E31: =50000 -> 50000 | F31: =F30+D31-E31 -> 158427500
C32: # 1 dus Paku 10 @500.000 | E32: =500000 -> 500000 | F32: =F31+D32-E32 -> 157927500
C33: # 20 Hong 30 @75.000 | E33: =20*75000 -> 1500000 | F33: =F32+D33-E33 -> 156427500
B34: 5 | C34: Pembayaran pembelian material (BON 22#) : | F34: =F33+D34-E34 -> 156427500
C35: # 10 Hong 30 @75.000 | E35: =10*75000 -> 750000 | F35: =F34+D35-E35 -> 155677500
C36: # 10kg Paku 10 @20.000 | E36: =10*20000 -> 200000 | F36: =F35+D36-E36 -> 155477500
C37: # 10kg Paku 7 @20.000 | E37: =10*20000 -> 200000 | F37: =F36+D37-E37 -> 155277500
C38: # 1 set Gergaji besi @45.000 | E38: =45000 -> 45000 | F38: =F37+D38-E38 -> 155232500
C39: # 1 Palu @35.000 | E39: =35000 -> 35000 | F39: =F38+D39-E39 -> 155197500
C40: # 45 Besi 3/8 @55.000 | E40: =45*55000 -> 2475000 | F40: =F39+D40-E40 -> 152722500
C41: # 10 Semen @56.000 | E41: =10*56000 -> 560000 | F41: =F40+D41-E41 -> 152162500
C42: # 1 isi gergaji @10.000 | E42: =10000 -> 10000 | F42: =F41+D42-E42 -> 152152500
C43: # 37 Hong @75.000 | E43: =37*75000 -> 2775000 | F43: =F42+D43-E43 -> 149377500
C44: # 1 dus Paku 7 @500.000 | E44: =500000 -> 500000 | F44: =F43+D44-E44 -> 148877500
C45: # 1 dus Paku 10 @500.000 | E45: =500000 -> 500000 | F45: =F44+D45-E45 -> 148377500
B46: 25 | C46: Sisa Baterai 2 kandang | E46: 130000 | F46: =F45+D46-E46 -> 148247500
C47: TOTAL | D47: =SUM(D2:D45) -> 340000000 | E47: =SUM(E2:E46) -> 191752500 | F47: =D47-E47 -> 148247500
A49: TGL | C49: KETERANGAN | D49: MASUK | E49: KELUAR | F49: SALDO
A50: 2025 | C50: SALDO SEBELUMNYA | D50: =D47 -> 340000000 | E50: =E47 -> 191752500 | F50: =F47 -> 148247500
B51: 7 | C51: Pembayaran pembelian material (BON 23#) : | F51: =F50+D51-E51 -> 148247500
C52: # 140 Kayu 5x10 @23.000 | E52: =140*23000 -> 3220000 | F52: =F51+D52-E52 -> 145027500 | H52: =SUM(E52:E54) -> 7314000 | I52: =SUM(H52,H56,H60) -> 12734000
C53: # 65 Kayu 2x20 @23.000 | E53: =65*23000 -> 1495000 | F53: =F52+D53-E53 -> 143532500
C54: # 113 Kayu 4x6 @23.000 | E54: =113*23000 -> 2599000 | F54: =F53+D54-E54 -> 140933500 | I54: =SUM(I52,H62,H64) -> 27534000
B55: 7 | C55: Pembayaran pembelian material (BON 24#) : | F55: =F54+D55-E55 -> 140933500
C56: # 100 Kayu 5x10 @23.000 | E56: =100*23000 -> 2300000 | F56: =F55+D56-E56 -> 138633500 | H56: =SUM(E56:E58) -> 4780000
C57: # 3 Kayu 6x12 @60.000 | E57: =3*60000 -> 180000 | F57: =F56+D57-E57 -> 138453500
C58: # 100 Kayu 2x20 @23.000 | E58: =100*23000 -> 2300000 | F58: =F57+D58-E58 -> 136153500
B59: 7 | C59: Pembayaran pembelian material (BON 25#) : | F59: =F58+D59-E59 -> 136153500
C60: # 2 mobil Batu @32.000 | E60: =2*320000 -> 640000 | F60: =F59+D60-E60 -> 135513500 | H60: =SUM(E60) -> 640000
B61: 7 | C61: Pembayaran tukang dalam pembangunan kandang @150.000 (PEKAN #4) : | F61: =F60+D61-E61 -> 135513500
C62: # Miyah 6 hari | E62: =6*150000 -> 900000 | F62: =F61+D62-E62 -> 134613500 | H62: =SUM(E62:E77) -> 14250000
C63: # RT.02 6 hari | E63: =6*150000 -> 900000 | F63: =F62+D63-E63 -> 133713500
C64: # Ubung 6 hari | E64: =6*150000 -> 900000 | F64: =F63+D64-E64 -> 132813500 | H64: =SUM(E78:E79) -> 550000
C65: # Beni 6 hari | E65: =6*150000 -> 900000 | F65: =F64+D65-E65 -> 131913500
C66: # Oyib 6 hari | E66: =6*150000 -> 900000 | F66: =F65+D66-E66 -> 131013500
C67: # Iding 6 hari | E67: =6*150000 -> 900000 | F67: =F66+D67-E67 -> 130113500
C68: # Eka 6 hari | E68: =6*150000 -> 900000 | F68: =F67+D68-E68 -> 129213500
C69: # Edi 6 hari | E69: =6*150000 -> 900000 | F69: =F68+D69-E69 -> 128313500
C70: # Bodong 6 hari | E70: =6*150000 -> 900000 | F70: =F69+D70-E70 -> 127413500
C71: # Ajo 6 hari | E71: =6*150000 -> 900000 | F71: =F70+D71-E71 -> 126513500
C72: # Abluk 6 hari | E72: =6*150000 -> 900000 | F72: =F71+D72-E72 -> 125613500
C73: # Asir 6 hari | E73: =6*150000 -> 900000 | F73: =F72+D73-E73 -> 124713500
C74: # Anip 5 hari | E74: =6*150000 -> 900000 | F74: =F73+D74-E74 -> 123813500
C75: # RT.01 6 hari | E75: =6*150000 -> 900000 | F75: =F74+D75-E75 -> 122913500
C76: # Eti 6 hari | E76: =5*150000 -> 750000 | F76: =F75+D76-E76 -> 122163500
C77: # Maneung 6 hari | E77: =6*150000 -> 900000 | F77: =F76+D77-E77 -> 121263500
B78: 7 | C78: Karang Taruna Desa | E78: 300000 | F78: =F77+D78-E78 -> 120963500
B79: 7 | C79: Kopi & Air | E79: =80000+70000+100000 -> 250000 | F79: =F78+D79-E79 -> 120713500
C80: TOTAL | D80: =SUM(D50:D79) -> 340000000 | E80: =SUM(E50:E79) -> 219286500 | F80: =D80-E80 -> 120713500
A82: TGL | C82: KETERANGAN | D82: MASUK | E82: KELUAR | F82: SALDO
A83: 2025 | C83: SALDO SEBELUMNYA | D83: =D80 -> 340000000 | E83: =E80 -> 219286500 | F83: =F80 -> 120713500
B84: 7 | C84: Pembayaran pembelian material (BON 26#) : | F84: =F83+D84-E84 -> 120713500 | H84: =E85 -> 1748000
C85: # 76 Kayu 5x10 @23.000 | E85: =76*23000 -> 1748000 | F85: =F84+D85-E85 -> 118965500 | H85: =SUM(E87:E89) -> 4652000
B86: 8 | C86: Pembayaran pembelian material (BON 27#) : | F86: =F85+D86-E86 -> 118965500 | H86: =E91 -> 350000
C87: # 38 Kayu 10x10 @50.000 | E87: =38*50000 -> 1900000 | F87: =F86+D87-E87 -> 117065500 | H87: =SUM(E93:E95) -> 1920000
C88: # 104 Kayu 5x10 @23.000 | E88: =104*23000 -> 2392000 | F88: =F87+D88-E88 -> 114673500 | H88: =SUM(E97:E99) -> 1945000
C89: # 6 Kayu 6x12 @60.000 | E89: =6*60000 -> 360000 | F89: =F88+D89-E89 -> 114313500 | H89: =SUM(E101:E104) -> 3119000
B90: 9 | C90: Pembayaran pembelian material (BON 28#) : | F90: =F89+D90-E90 -> 114313500 | H90: =SUM(E106:E107) -> 669000
C91: # 1 mobil batu @350.000 | E91: =350000 -> 350000 | F91: =F90+D91-E91 -> 113963500 | H91: =SUM(E109:E111) -> 4280000
B92: 9 | C92: Pembayaran pembelian material (BON 29#) : | F92: =F91+D92-E92 -> 113963500 | H92: =E113 -> 3000000
C93: # 21 Kayu 10x10 @50.000 | E93: =21*50000 -> 1050000 | F93: =F92+D93-E93 -> 112913500 | H93: =E115 -> 1000000
C94: # 3 Kayu 6x12 @60.000 | E94: =3*60000 -> 180000 | F94: =F93+D94-E94 -> 112733500 | H94: =SUM(H84:H93) -> 22683000 | I94: =SUM(E85:E115) -> 22683000
C95: # 30 Kayu 5x10 @23.000 | E95: =30*23000 -> 690000 | F95: =F94+D95-E95 -> 112043500
B96: 10 | C96: Pembayaran pembelian material (BON 30#) : | F96: =F95+D96-E96 -> 112043500 | H96: =SUM(E117:E132) -> 16350000 | I96: =SUM(I94,H96,H98) -> 39363000
C97: # 75 Kayu 5x10 @23.000 | E97: =75*23000 -> 1725000 | F97: =F96+D97-E97 -> 110318500
C98: # 2 Kayu 10x10 @50.000 | E98: =2*50000 -> 100000 | F98: =F97+D98-E98 -> 110218500 | H98: =E133 -> 330000
C99: # 2 Kayu 10x10x3.2m @60.000 | E99: =2*60000 -> 120000 | F99: =F98+D99-E99 -> 110098500
B100: 10 | C100: Pembayaran pembelian material (BON 31#) : | F100: =F99+D100-E100 -> 110098500
C101: # 7 Kayu 10x10x3.2m @60.000 | E101: =7*60000 -> 420000 | F101: =F100+D101-E101 -> 109678500
C102: # 25 Kayu 10x10 @50.000 | E102: =25*50000 -> 1250000 | F102: =F101+D102-E102 -> 108428500
C103: # 37 Kayu 5x10 @23.000 | E103: =37*23000 -> 851000 | F103: =F102+D103-E103 -> 107577500
...

Sheet OKT-1
A1: TGL | C1: KETERANGAN | D1: MASUK | E1: KELUAR | F1: SALDO
A2: 2025 | C2: LIST SETORAN TUNAI DAN TRANSFER SELAMA PEMBANGUNAN :
A3: OKTOBER | B3: 7 | C3: DP Biaya Pembangunan Mess dan Gudang KEVIN | D3: 100000000
B4: 25 | C4: DP Biaya Pembangunan Mess dan Gudang KEVIN | D4: 50000000
C5: TOTAL TRANSFER & SETORAN TUNAI PEMBANGUNAN KANDANG KEVIN | F5: =SUM(D3:D4) -> 150000000
C7: LIST PEMBELIAN DAN PEMBANGUNAN KANDANG :
A8: OKTOBER | C8: SALDO SEBELUMNYA | D8: ='SEP-1'!D243 -> 340000000 | E8: ='SEP-1'!E243 -> 339478500 | F8: ='SEP-1'!F243 -> 521500
B9: 1 | C9: Pembayaran pembelian material (BON 44#) : | F9: =F5+F8+D9-E9 -> 150521500
C10: # 100 Kayu 5x10 @23.000 | E10: =100*23000 -> 2300000 | F10: =F9+D10-E10 -> 148221500
B11: 2 | C11: Pembayaran pembelian material (BON 45#) : | F11: =F10+D11-E11 -> 148221500
C12: # 150 Kayu 4x6 @23.000 | E12: =150*23000 -> 3450000 | F12: =F11+D12-E12 -> 144771500
B13: 3 | C13: Pembayaran pembelian material (BON 46#) : | F13: =F12+D13-E13 -> 144771500
C14: # 7 mobil batu @320.000 | E14: =7*320000 -> 2240000 | F14: =F13+D14-E14 -> 142531500
B15: 4 | C15: Pembayaran pembelian material (BON 47#) : | F15: =F14+D15-E15 -> 142531500
C16: # 1 engkel pasir | E16: 1800000 | F16: =F15+D16-E16 -> 140731500 | H16: =SUM(E10:E16) -> 9790000
B17: 4 | C17: Pembayaran tukang dalam pembangunan kandang @150.000 (PEKAN #8) : | F17: =F16+D17-E17 -> 140731500
C18: # Miyah 7 hari | E18: =7*150000 -> 1050000 | F18: =F17+D18-E18 -> 139681500
C19: # RT.02 7 hari | E19: =7*150000 -> 1050000 | F19: =F18+D19-E19 -> 138631500
C20: # Beni 7 hari | E20: =7*150000 -> 1050000 | F20: =F19+D20-E20 -> 137581500
C21: # Oyib 7 hari | E21: =7*150000 -> 1050000 | F21: =F20+D21-E21 -> 136531500
C22: # Iding 4 hari | E22: =4*150000 -> 600000 | F22: =F21+D22-E22 -> 135931500
C23: # Eka 7 hari | E23: =7*150000 -> 1050000 | F23: =F22+D23-E23 -> 134881500
C24: # Edi 7 hari | E24: =7*150000 -> 1050000 | F24: =F23+D24-E24 -> 133831500
C25: # Bodong 7 hari | E25: =7*150000 -> 1050000 | F25: =F24+D25-E25 -> 132781500
C26: # Ajo 7 hari | E26: =7*150000 -> 1050000 | F26: =F25+D26-E26 -> 131731500
C27: # Abluk 7 hari | E27: =7*150000 -> 1050000 | F27: =F26+D27-E27 -> 130681500
C28: # Asir 7 hari | E28: =7*150000 -> 1050000 | F28: =F27+D28-E28 -> 129631500
C29: # Anip 7 hari | E29: =7*150000 -> 1050000 | F29: =F28+D29-E29 -> 128581500
C30: # Ubung 6 hari | E30: =6*150000 -> 900000 | F30: =F29+D30-E30 -> 127681500
C31: # RT.01 7 hari | E31: =7*150000 -> 1050000 | F31: =F30+D31-E31 -> 126631500
C32: # Eti 7 hari | E32: =7*150000 -> 1050000 | F32: =F31+D32-E32 -> 125581500
C33: # Maneung 7 hari | E33: =7*150000 -> 1050000 | F33: =F32+D33-E33 -> 124531500 | H33: =SUM(E18:E33) -> 16200000
B34: 4 | C34: Rondap | E34: 210000 | F34: =F33+D34-E34 -> 124321500
B35: 4 | C35: Bon Awin sumur bor | E35: =2000000+1000000 -> 3000000 | F35: =F34+D35-E35 -> 121321500
B36: 4 | C36: Kopi & air | E36: =100000+70000+85000+100000 -> 355000 | F36: =F35+D36-E36 -> 120966500
B37: 4 | C37: Bersihkan pohon | E37: 350000 | F37: =F36+D37-E37 -> 120616500
B38: 4 | C38: Bongkar baterai | E38: 250000 | F38: =F37+D38-E38 -> 120366500
B39: 4 | C39: Bayar rakit baterai 337 set @5.000 | E39: =337*5000 -> 1685000 | F39: =F38+D39-E39 -> 118681500 | H39: =SUM(E34:E39) -> 5850000 | I39: =SUM(H16:H39) -> 31840000 | J39: 302000
B40: 4 | C40: Pelunasan pembayaran sumur bor 60 m @250.000 = 15.000.000 - DP 1.000.000 (20 sep) - DP 2.500.000 (23 sep) - DP 3.000.000 (4 okt) = 8.500.000 | E40: 8500000 | F40: =F39+D40-E40 -> 110181500 | I40: =I39-J39 -> 31538000
C41: TOTAL | D41: =SUM(D2:D40) -> 490000000 | E41: =SUM(E2:E40) -> 379818500 | F41: =D41-E41 -> 110181500
A43: TGL | C43: KETERANGAN | D43: MASUK | E43: KELUAR | F43: SALDO
A44: 2025 | C44: SALDO SEBELUMNYA | D44: =D41 -> 490000000 | E44: =E41 -> 379818500 | F44: =F41 -> 110181500
B45: 9 | C45: Pembayaran pembelian material (BON 48#) : | F45: =F44+D45-E45 -> 110181500
C46: # 5kg paku 7 @20.000 | E46: =5*20000 -> 100000 | F46: =F45+D46-E46 -> 110081500
C47: # 1 dus Band baja | E47: 200000 | F47: =F46+D47-E47 -> 109881500
C48: # 1000 Band baja @220 | E48: 220000 | F48: =F47+D48-E48 -> 109661500
C49: # 5kg paku asbes @30.000 | E49: 150000 | F49: =F48+D49-E49 -> 109511500
C50: # 1 dus paku 5 | E50: 500000 | F50: =F49+D50-E50 -> 109011500
C51: # 1 dudukan amplas @10.000 | E51: 10000 | F51: =F50+D51-E51 -> 109001500
C52: # 5 amplas buled @2.000 | E52: 10000 | F52: =F51+D52-E52 -> 108991500
C53: # 1 kikir @30.000 | E53: 30000 | F53: =F52+D53-E53 -> 108961500
C54: # 10 semen @56.000 | E54: =10*56000 -> 560000 | F54: =F53+D54-E54 -> 108401500
C55: # 30 besi 4/10 @105.000 | E55: =30*105000 -> 3150000 | F55: =F54+D55-E55 -> 105251500
C56: # 2 ceker ayam 40x40 @65.000 | E56: =2*65000 -> 130000 | F56: =F55+D56-E56 -> 105121500
C57: # 2 benrat putih @15.000 | E57: =2*15000 -> 30000 | F57: =F56+D57-E57 -> 105091500
C58: # 5kg paku 7 @20.000 | E58: =5*20000 -> 100000 | F58: =F57+D58-E58 -> 104991500 | H58: =SUM(E46:E58) -> 5190000
B59: 9 | C59: Pembayaran pembelian material (BON 49#) : | F59: =F58+D59-E59 -> 104991500
C60: # 15 semen @56.000 | E60: =15*56000 -> 840000 | F60: =F59+D60-E60 -> 104151500
C61: # 30 besi 8 @47.000 | E61: =30*47000 -> 1410000 | F61: =F60+D61-E61 -> 102741500
C62: # 200 cincin 8x12 @1.300 | E62: =200*1300 -> 260000 | F62: =F61+D62-E62 -> 102481500
C63: # 4 benrat putih @15.000 | E63: =4*15000 -> 60000 | F63: =F62+D63-E63 -> 102421500
C64: # 3 sendok @25.000 | E64: =3*25000 -> 75000 | F64: =F63+D64-E64 -> 102346500
C65: # 1 bendrat putih @15.000 | E65: 15000 | F65: =F64+D65-E65 -> 102331500
C66: # 1 pak sarung tangan @50.000 | E66: 50000 | F66: =F65+D66-E66 -> 102281500
C67: # 12 pralon 4/4 @90.000 | E67: =12*90000 -> 1080000 | F67: =F66+D67-E67 -> 101201500
C68: # 2 keni 4/4 @15.000 | E68: =2*15000 -> 30000 | F68: =F67+D68-E68 -> 101171500
C69: # 2 pralon 3/4 @12.000 | E69: =2*12000 -> 24000 | F69: =F68+D69-E69 -> 101147500
C70: # 1 Tc 3m @15.000 | E70: 15000 | F70: =F69+D70-E70 -> 101132500
C71: # 3 mobil batu @320.000 | E71: =3*320000 -> 960000 | F71: =F70+D71-E71 -> 100172500
C72: # 5 semen pasang @80.000 | E72: =5*80000 -> 400000 | F72: =F71+D72-E72 -> 99772500 | H72: =SUM(E60:E72) -> 5219000
B73: 9 | C73: Pembayaran pembelian material (BON 50#) : | F73: =F72+D73-E73 -> 99772500
C74: # 10 semen @56.000 | E74: =10*56000 -> 560000 | F74: =F73+D74-E74 -> 99212500
C75: # 2 benrat putih @15.000 | E75: =2*15000 -> 30000 | F75: =F74+D75-E75 -> 99182500
C76: # 100 cincin 8x12 @1.200 | E76: =100*1200 -> 120000 | F76: =F75+D76-E76 -> 99062500
C77: # 15 hebel @520.000 | E77: =15*520000 -> 7800000 | F77: =F76+D77-E77 -> 91262500
C78: # 1 ragaji hebel @25.000 | E78: 25000 | F78: =F77+D78-E78 -> 91237500
C79: # 2 sendok @25.000 | E79: =2*25000 -> 50000 | F79: =F78+D79-E79 -> 91187500
C80: # 1kg benrat @20.000 | E80: 20000 | F80: =F79+D80-E80 -> 91167500
C81: # 1 palu bodem @75.000 | E81: 75000 | F81: =F80+D81-E81 -> 91092500
C82: # 1 tang biasa @20.000 | E82: 20000 | F82: =F81+D82-E82 -> 91072500
C83: # 1 tang camel @45.000 | E83: 45000 | F83: =F82+D83-E83 -> 91027500
C84: # 10 semen @56.000 | E84: =10*56000 -> 560000 | F84: =F83+D84-E84 -> 90467500
C85: # 15 besi 8 @47.000 | E85: =15*47000 -> 705000 | F85: =F84+D85-E85 -> 89762500
C86: # 1 ikat cincin | E86: 120000 | F86: =F85+D86-E86 -> 89642500 | H86: =SUM(E74:E86) -> 10130000
B87: 9 | C87: Pembayaran pembelian material (BON 51#) : | F87: =F86+D87-E87 -> 89642500
C88: # 2kg benrat @20.000 | E88: =2*20000 -> 40000 | F88: =F87+D88-E88 -> 89602500
C89: # 1 pak benang @50.000 | E89: 50000 | F89: =F88+D89-E89 -> 89552500
C90: # 1kg paku reng @20.000 | E90: 20000 | F90: =F89+D90-E90 -> 89532500
C91: # 5 semen pasang @80.000 | E91: =5*80000 -> 400000 | F91: =F90+D91-E91 -> 89132500 | H91: =SUM(E88:E91) -> 510000 | I91: =SUM(H58:H91) -> 21049000
B92: 4 | C92: Pembayaran pembelian material (BON 52#) : | F92: =F91+D92-E92 -> 89132500
C93: # 5kg Kawat Seng B @30.000 | E93: =5*30000 -> 150000 | F93: =F92+D93-E93 -> 88982500
C94: # 1 sendok | E94: 15000 | F94: =F93+D94-E94 -> 88967500
B95: 11 | C95: Biaya bongkar baterai | E95: 500000 | F95: =F94+D95-E95 -> 88467500 | H95: =SUM(E93:E95) -> 665000
B96: 11 | C96: Pembayaran tukang dalam pembangunan kandang @150.000 (PEKAN #9) : | F96: =F95+D96-E96 -> 88467500
C97: # Miyah 7 hari | E97: =7*150000 -> 1050000 | F97: =F96+D97-E97 -> 87417500
C98: # RT.02 6 hari | E98: =6*150000 -> 900000 | F98: =F97+D98-E98 -> 86517500
C99: # Beni 6 hari | E99: =6*150000 -> 900000 | F99: =F98+D99-E99 -> 85617500
C100: # Oyib 7 hari | E100: =7*150000 -> 1050000 | F100: =F99+D100-E100 -> 84567500
C101: # Iding 6 hari | E101: =6*150000 -> 900000 | F101: =F100+D101-E101 -> 83667500
C102: # Eka 5 hari | E102: =5*150000 -> 750000 | F102: =F101+D102-E102 -> 82917500
...

Sheet NOV-1
A1: TGL | C1: KETERANGAN | D1: MASUK | E1: KELUAR | F1: SALDO
A2: 2025 | C2: LIST SETORAN TUNAI DAN TRANSFER SELAMA PEMBANGUNAN :
A3: NOVEMBER | B3: 1 | C3: DP Biaya Pembangunan Mess dan Gudang KEVIN | D3: 6000000
C4: TOTAL TRANSFER & SETORAN TUNAI PEMBANGUNAN KANDANG KEVIN | F4: =SUM(D3:D3) -> 6000000
C6: LIST PEMBELIAN DAN PEMBANGUNAN KANDANG :
A7: NOVEMBER | C7: SALDO SEBELUMNYA | D7: ='OKT-1'!D240 -> 490000000 | E7: ='OKT-1'!E240 -> 484244500 | F7: =D7-E7 -> 5755500
F8: =F4+F7+D8-E8 -> 11755500
F9: =F5+F8+D9-E9 -> 11755500
C10: TOTAL | D10: =SUM(D2:D9) -> 496000000 | E10: =SUM(E2:E9) -> 484244500 | F10: =D10-E10 -> 11755500
A15: TGL | C15: KETERANGAN | D15: MASUK | E15: KELUAR | F15: SALDO
A16: 2025 | C16: SALDO SEBELUMNYA | D16: =D10 -> 496000000 | E16: =E10 -> 484244500 | F16: =F10 -> 11755500
F17: =F16+D17-E17 -> 11755500
F18: =F17+D18-E18 -> 11755500
F19: =F18+D19-E19 -> 11755500
F20: =F19+D20-E20 -> 11755500
F21: =F20+D21-E21 -> 11755500
F22: =F21+D22-E22 -> 11755500
F23: =F22+D23-E23 -> 11755500
F24: =F23+D24-E24 -> 11755500
F25: =F24+D25-E25 -> 11755500
F26: =F25+D26-E26 -> 11755500
F27: =F26+D27-E27 -> 11755500
F28: =F27+D28-E28 -> 11755500
... F76: =F75+D76-E76 -> 11755500
C77: SALDO DANA PEMBANGUNAN KANDANG KEVIN FARM | D77: =SUM(D16:D76) -> 496000000 | E77: =SUM(E16:E76) -> 484244500 | F77: =D77-E77 -> 11755500
